{
  "costs": {
    "index": [
      2025,
      2026,
      2027,
      2028,
      2029,
      2030,
      2031,
      2032,
      2033,
      2034,
      2035,
      2036,
      2037,
      2038,
      2039,
      2040
    ],
    "columns": [
      "Conventional_total_cost",
      "Efficient_total_cost",
      "Alternative_total_cost"
    ],
    "data": [
      [
        264.0,
        301.0,
        333.0
      ],
      [
        267.62999999999994,
        301.14500000000004,
        320.81
      ],
      [
        271.7169,
        301.77115,
        309.5659
      ],
      [
        276.295353,
        302.9072855,
        299.247173
      ],
      [
        281.40280053,
        304.584739135,
        289.83644899
      ],
      [
        287.0796954561,
        306.83753650895,
        281.3195275732999
      ],
      [
        293.369742613365,
        309.7026077737615,
        273.685403589763
      ],
      [
        300.3201586915103,
        313.2200162113439,
        266.926306179613
      ],
      [
        307.9819529135477,
        317.4332051772992,
        261.0377517935522
      ],
      [
        316.4102301707464,
        322.38926487363346,
        256.01861172391284
      ],
      [
        325.6645184103311,
        328.13922053525954,
        251.8711948045799
      ],
      [
        335.80912221605365,
        334.73834374188675,
        248.6013460049353
      ],
      [
        346.9135046769902,
        342.24648870384135,
        246.2185617254994
      ],
      [
        359.0526998075397,
        350.72845551828476,
        244.73612269074894
      ],
      [
        372.30775796264254,
        360.2543825520352,
        244.17124542825812
      ],
      [
        386.7662268877597,
        370.90017027972993,
        244.54525342336703
      ]
    ]
  },
  "technology_mix": {
    "index": [
      2025,
      2026,
      2027,
      2028,
      2029,
      2030,
      2031,
      2032,
      2033,
      2034,
      2035,
      2036,
      2037,
      2038,
      2039,
      2040
    ],
    "columns": [
      "Conventional",
      "Efficient",
      "Alternative"
    ],
    "data": [
      [
        0.6,
        0.35,
        0.05
      ],
      [
        0.6039660740682453,
        0.3624590792335752,
        0.07357484669817949
      ],
      [
        0.6074993767674991,
        0.37429128397573974,
        0.09660933925676113
      ],
      [
        0.6106183595298841,
        0.38552682253082626,
        0.11911881793928952
      ],
      [
        0.6133415998936075,
        0.3961949756347977,
        0.14111686447159458
      ],
      [
        0.6156878427423828,
        0.4063241121910057,
        0.1626153474666113
      ],
      [
        0.6176760280084801,
        0.4159416983146841,
        0.18362448398083558
      ],
      [
        0.619325302993563,
        0.4250742999861701,
        0.20415291891210657
      ],
      [
        0.620655017844226,
        0.4337475798603306,
        0.22420782331160932
      ],
      [
        0.6216847032473132,
        0.4419862890359567,
        0.24379501189224934
      ],
      [
        0.6224340300656047,
        0.44981425483555687,
        0.26291907910733686
      ],
      [
        0.6229227513843115,
        0.45725436586261986,
        0.2815835522012271
      ],
      [
        0.623170628236522,
        0.46432855576970167,
        0.29979105866400846
      ],
      [
        0.6231973410648599,
        0.4710577872687186,
        0.31754350462984426
      ],
      [
        0.6230223896961403,
        0.4774620379314997,
        0.3348422600172458
      ],
      [
        0.6226649851968391,
        0.4835602892576041,
        0.3516883456846472
      ]
    ]
  },
  "production": {
    "index": [
      2025,
      2026,
      2027,
      2028,
      2029,
      2030,
      2031,
      2032,
      2033,
      2034,
      2035,
      2036,
      2037,
      2038,
      2039,
      2040
    ],
    "columns": [
      "Conventional",
      "Efficient",
      "Alternative"
    ],
    "data": [
      [
        2520.0,
        1470.0,
        210.0
      ],
      [
        2574.70737375293,
        1545.163054772731,
        313.64957147433915
      ],
      [
        2628.616390807246,
        1619.5377997424068,
        418.02329745034615
      ],
      [
        2681.743738541174,
        1693.1756574723802,
        523.1518822936437
      ],
      [
        2734.109356478208,
        1766.1290055340432,
        629.0604445802817
      ],
      [
        2785.736790364278,
        1838.4511591147398,
        735.768232969895
      ],
      [
        2836.6535069238157,
        1910.1963225032227,
        843.2884114359091
      ],
      [
        2886.8911552267887,
        1981.4195076687306,
        951.6279297363342
      ],
      [
        2936.485761025732,
        2052.176419298535,
        1060.7874934322322
      ],
      [
        2985.4778417054563,
        2122.5233070107306,
        1170.7616451246088
      ],
      [
        3033.9124316594744,
        2192.516786942705,
        1281.5389649247409
      ],
      [
        3081.8390109181996,
        2262.213636436423,
        1393.1023936405843
      ],
      [
        3129.311333570881,
        2331.6705669883318,
        1505.4296769975929
      ],
      [
        3176.3871567305328,
        2400.943981887972,
        1618.4939237480867
      ],
      [
        3223.127875207235,
        2470.089725925952,
        1732.264265149988
      ],
      [
        3269.598071359013,
        2539.1628351201766,
        1846.706598423003
      ]
    ]
  },
  "emissions": {
    "index": [
      2025,
      2026,
      2027,
      2028,
      2029,
      2030,
      2031,
      2032,
      2033,
      2034,
      2035,
      2036,
      2037,
      2038,
      2039,
      2040
    ],
    "columns": [
      "Conventional",
      "Efficient",
      "Alternative",
      "total"
    ],
    "data": [
      [
        2368.8,
        1212.75,
        96.6,
        3678.15
      ],
      [
        2420.2249313277543,
        1274.759520187503,
        144.27880287819602,
        3839.2632543934533
      ],
      [
        2470.899407358811,
        1336.1186847874858,
        192.29071682715926,
        3999.3088089734565
      ],
      [
        2520.8391142287032,
        1396.8699174147137,
        240.6498658550761,
        4158.358897498493
      ],
      [
        2570.0627950895155,
        1457.0564295655856,
        289.3678045069296,
        4316.48702916203
      ],
      [
        2618.5925829424214,
        1516.72220626966,
        338.4533871661517,
        4473.768176378233
      ],
      [
        2666.454296508387,
        1575.9119660651586,
        387.9126692605182,
        4630.278931834064
      ],
      [
        2713.6776859131814,
        1634.6710938267029,
        437.7488476787138,
        4786.097627418599
      ],
      [
        2760.296615364188,
        1693.0455459212915,
        487.96224697882684,
        4941.3044082643055
      ],
      [
        2806.3491712031287,
        1751.0817282838527,
        538.5503567573201,
        5095.981256244302
      ],
      [
        2851.877685759906,
        1808.8263492277317,
        589.5079238653809,
        5250.211958853019
      ],
      [
        2896.928670263108,
        1866.3262500600488,
        640.8271010746688,
        5404.082021397825
      ],
      [
        2941.552653556628,
        1923.6282177653736,
        692.4976514188927,
        5557.678522740895
      ],
      [
        2985.8039273267004,
        1980.778785057577,
        744.5072049241198,
        5711.089917308397
      ],
      [
        3029.7402026948007,
        2037.8240238889102,
        796.8415619689946,
        5864.405788552705
      ],
      [
        3073.422187077472,
        2094.8093389741457,
        849.4850352745815,
        6017.716561326199
      ]
    ]
  }
}