{
  "index": [
    2025,
    2026,
    2027,
    2028,
    2029,
    2030,
    2031,
    2032,
    2033,
    2034,
    2035,
    2036,
    2037,
    2038,
    2039,
    2040
  ],
  "columns": [
    "Europe_Early_Adopters",
    "Europe_Mainstream",
    "Europe_Late_Adopters",
    "North_America_Early_Adopters",
    "North_America_Mainstream",
    "North_America_Late_Adopters",
    "Asia_Early_Adopters",
    "Asia_Mainstream",
    "Asia_Late_Adopters",
    "Other_Early_Adopters",
    "Other_Mainstream",
    "Other_Late_Adopters"
  ],
  "data": [
    [
      0.108,
      0.057600000000000005,
      0.028800000000000003,
      0.084,
      0.0448,
      0.0224,
      0.054,
      0.0288,
      0.0144,
      0.0375,
      0.02,
      0.01
    ],
    [
      0.22244716800000003,
      0.12208730112000002,
      0.06202902528000001,
      0.175409472,
      0.09563803648000001,
      0.04841510912,
      0.114687792,
      0.062029025280000004,
      0.03126085632,
      0.080379375,
      0.0432848,
      0.0217612
    ],
    [
      0.33127968278937603,
      0.1876231329263125,
      0.09703860431722908,
      0.2731670671085691,
      0.15281922571068926,
      0.0784986143476448,
      0.1821597159359278,
      0.10015445685154245,
      0.05094888448316985,
      0.12905066442637503,
      0.070289885144576,
      0.035567514609472
    ],
    [
      0.43158773037096965,
      0.2526132822922075,
      0.13315706014453993,
      0.3693050847022148,
      0.21258263781301528,
      0.11100175224628599,
      0.25620741712438033,
      0.14360645773282787,
      0.07386291135245597,
      0.18381193068075743,
      0.10146635037058661,
      0.0517379291092048
    ],
    [
      0.5168495708153242,
      0.31240421970883087,
      0.16783077773875832,
      0.45940069898824587,
      0.2725739049904073,
      0.14486697668907764,
      0.33621135531550994,
      0.19273474616538067,
      0.10042752666862717,
      0.24477787041830412,
      0.13726198809652068,
      0.07062628436048028
    ],
    [
      0.5893221351930256,
      0.3674118821321244,
      0.201117546629208,
      0.540490594140009,
      0.33076799259117473,
      0.17907229762151453,
      0.42103282278597587,
      0.24775099188676158,
      0.13108108199130442,
      0.3117953634970542,
      0.17809309299615472,
      0.09261868248752915
    ],
    [
      0.6509238149140717,
      0.41801893156155445,
      0.23307284476403967,
      0.6094170050190076,
      0.38430655318388074,
      0.21190940571665395,
      0.5037201560473232,
      0.30504977438764114,
      0.1641738448643032,
      0.3843470489105965,
      0.22430472110271646,
      0.1181273913439764
    ],
    [
      0.7032852426769609,
      0.4645774170366301,
      0.2637499309734781,
      0.6680044542661565,
      0.4335620289291703,
      0.24343302948798778,
      0.5781621326402248,
      0.36064579243662986,
      0.19760689106973106,
      0.4614520091975437,
      0.276117421591036,
      0.1475798081526122
    ],
    [
      0.7477924562754168,
      0.5074112236736996,
      0.29319993373453895,
      0.7178037861262331,
      0.47887706661483664,
      0.2736957083084683,
      0.6414378127441911,
      0.4117941290416995,
      0.22970261542694181,
      0.5362131151372593,
      0.32971166691399184,
      0.17913521385150438
    ],
    [
      0.7856235878341042,
      0.5468183257798036,
      0.32147193638515736,
      0.7601332182072981,
      0.5205669012856498,
      0.30274787997612956,
      0.6952221408325624,
      0.45885059871836353,
      0.26051451080986415,
      0.605746524799582,
      0.3833080460873137,
      0.21195346396626308
    ],
    [
      0.8177800496589887,
      0.5830728597174193,
      0.3486130589297511,
      0.7961132354762034,
      0.5589215491827978,
      0.3306379647770844,
      0.740938819707678,
      0.5021425508208944,
      0.2900939303774696,
      0.6648845460796448,
      0.4326434024003286,
      0.24347532540761258
    ],
    [
      0.8451130422101404,
      0.6164270309400257,
      0.37466853657256105,
      0.8266962501547729,
      0.594207825248174,
      0.35741244618600104,
      0.7797979967515264,
      0.5419711467552228,
      0.3184901731623708,
      0.715151864167698,
      0.4780319302083023,
      0.2737363123913081
    ],
    [
      0.8683460858786193,
      0.6471128684648236,
      0.3996817951096586,
      0.8526918126315569,
      0.62667119922832,
      0.383115948338561,
      0.8128282972387975,
      0.578613455014805,
      0.34575056623587597,
      0.7578790845425434,
      0.5197893757916381,
      0.30278685989565574
    ],
    [
      0.8880941729968264,
      0.6753438389876377,
      0.4236945233052723,
      0.8747880407368234,
      0.6565375032900544,
      0.40779131040501854,
      0.8409040526529779,
      0.6123243786136205,
      0.37192054358644094,
      0.7941972218611619,
      0.558206225728307,
      0.3306753854998295
    ],
    [
      0.9048800470473024,
      0.7013163318686267,
      0.4467467423730614,
      0.8935698346262999,
      0.6840145030268501,
      0.4314796579888178,
      0.8647684447550312,
      0.6433384283245309,
      0.3970437218429833,
      0.8250676385819876,
      0.5935497276700424,
      0.3574483700798363
    ],
    [
      0.919148039990207,
      0.7252110253191366,
      0.46887687267813893,
      0.9095343594323549,
      0.709293342784702,
      0.4542204716692651,
      0.8850531780417765,
      0.6718713540585685,
      0.421161972969264,
      0.8513074927946894,
      0.626065749456439,
      0.3831504352766429
    ]
  ]
}