{
  "index": [
    2025,
    2026,
    2027,
    2028,
    2029,
    2030,
    2031,
    2032,
    2033,
    2034,
    2035,
    2036,
    2037,
    2038,
    2039,
    2040
  ],
  "columns": [
    "Europe_Value",
    "North_America_Value",
    "Asia_Value",
    "Other_Value"
  ],
  "data": [
    [
      7.1208,
      5.538399999999999,
      3.5604,
      2.4724999999999997
    ],
    [
      15.064586937216001,
      11.823600686464001,
      7.686627014303999,
      5.37068367125
    ],
    [
      23.102106988777283,
      18.88195018029637,
      12.436228713470097,
      8.751682701899622
    ],
    [
      31.044863870425846,
      26.243959399003085,
      17.860268856212077,
      12.674153291982261
    ],
    [
      38.35212341661261,
      33.6250987882719,
      23.997506876745426,
      17.195514785364388
    ],
    [
      45.10026643998426,
      40.79180975982748,
      30.86709620727812,
      22.367977449975715
    ],
    [
      51.35665742809984,
      47.421957062685244,
      38.02515485402944,
      28.23317150227858
    ],
    [
      57.18085901872669,
      53.58051144406416,
      44.99606640653565,
      34.81531289089031
    ],
    [
      62.625678113218065,
      59.32497862306664,
      51.46733710870047,
      41.644561117689946
    ],
    [
      67.73806788485513,
      64.70639945475446,
      57.50020358655742,
      48.50977502065063
    ],
    [
      72.55990639061243,
      69.77021265774232,
      63.14897489706868,
      54.90724373662785
    ],
    [
      77.12866947135909,
      74.55699983842807,
      68.46195990359315,
      60.89205387315663
    ],
    [
      81.47801304893659,
      79.10312966618834,
      73.48226781547007,
      66.51629572303956
    ],
    [
      85.63827773241724,
      83.44131560040381,
      78.24850007487521,
      71.82640070985438
    ],
    [
      89.6369267736181,
      87.60109947882208,
      82.7953491254064,
      76.86389702548963
    ],
    [
      93.4989268155307,
      91.60927149372722,
      87.15411733919238,
      81.66606320609237
    ]
  ]
}