{
  "costs": {
    "index": [
      2025,
      2026,
      2027,
      2028,
      2029,
      2030,
      2031,
      2032,
      2033,
      2034,
      2035,
      2036,
      2037,
      2038,
      2039,
      2040
    ],
    "columns": [
      "BF-BOF_total_cost",
      "EAF_total_cost",
      "H2-DRI_total_cost"
    ],
    "data": [
      [
        1356.0,
        954.0,
        1908.0
      ],
      [
        1355.76,
        938.52,
        1813.64
      ],
      [
        1356.5664,
        923.5656,
        1724.0812
      ],
      [
        1358.491824,
        909.1421279999998,
        1639.0901959999999
      ],
      [
        1361.6148081600002,
        895.2560438399998,
        1558.4457866799996
      ],
      [
        1366.0202725775998,
        881.9150150592001,
        1481.9384058643996
      ],
      [
        1371.8000308163041,
        869.1279991061759,
        1409.3695867710517
      ],
      [
        1379.0533402044305,
        856.9053324022346,
        1340.5514567283606
      ],
      [
        1387.8874961661224,
        845.2588268004401,
        1275.3062611314733
      ],
      [
        1398.418474106875,
        834.2018740263104,
        1213.4659154935925
      ],
      [
        1410.7716226577838,
        823.7495587331816,
        1154.871584531102
      ],
      [
        1425.0824123870593,
        813.9187808559665,
        1099.3732873017102
      ],
      [
        1441.4972444160387,
        804.7283880018517,
        1046.8295274935615
      ],
      [
        1460.174323731895,
        796.1993186756553,
        997.1069480403751
      ],
      [
        1481.2846023726313,
        788.3547572014814,
        950.0800093135674
      ],
      [
        1505.012798073987,
        781.2203012713459,
        905.6306902171169
      ]
    ]
  },
  "technology_mix": {
    "index": [
      2025,
      2026,
      2027,
      2028,
      2029,
      2030,
      2031,
      2032,
      2033,
      2034,
      2035,
      2036,
      2037,
      2038,
      2039,
      2040
    ],
    "columns": [
      "BF-BOF",
      "EAF",
      "H2-DRI"
    ],
    "data": [
      [
        0.7,
        0.25,
        0.05
      ],
      [
        0.6984982180763013,
        0.276076700617344,
        0.07542508130635456
      ],
      [
        0.696634069271767,
        0.30074044268751626,
        0.10012548804071653
      ],
      [
        0.6944157808774833,
        0.32406781366667237,
        0.12414140545584404
      ],
      [
        0.6918509314697086,
        0.34613202789502784,
        0.14751079063526326
      ],
      [
        0.6889465011056579,
        0.36700310907709105,
        0.1702694523172506
      ],
      [
        0.6857089269410587,
        0.3867480613326534,
        0.19245112110128754
      ],
      [
        0.68214416513935,
        0.4054310286632163,
        0.21408751010368332
      ],
      [
        0.6782577598874353,
        0.4231134425959898,
        0.23520836622751184
      ],
      [
        0.6740549202330153,
        0.4398541576978267,
        0.2558415123445481
      ],
      [
        0.6695406053049189,
        0.4557095746007233,
        0.27601288085597825
      ],
      [
        0.6647196182623236,
        0.4707337501560393,
        0.2957465393051766
      ],
      [
        0.6595967090346693,
        0.4849784943442753,
        0.31506470895841787
      ],
      [
        0.65417668555755,
        0.4984934536192811,
        0.3339877775436632
      ],
      [
        0.6484645327810735,
        0.5113261804679251,
        0.3525343076354709
      ],
      [
        0.6424655382318187,
        0.5235221891250956,
        0.3707210424833316
      ]
    ]
  },
  "production": {
    "index": [
      2025,
      2026,
      2027,
      2028,
      2029,
      2030,
      2031,
      2032,
      2033,
      2034,
      2035,
      2036,
      2037,
      2038,
      2039,
      2040
    ],
    "columns": [
      "BF-BOF",
      "EAF",
      "H2-DRI"
    ],
    "data": [
      [
        1330.0,
        475.0,
        95.0
      ],
      [
        1353.689546631872,
        535.0366457964127,
        146.17380757171514
      ],
      [
        1377.078362773658,
        594.4916774869746,
        197.9240597393668
      ],
      [
        1400.1472057875217,
        653.416377170606,
        250.30571994187218
      ],
      [
        1422.8752264826603,
        711.8624333392308,
        303.373805088208
      ],
      [
        1445.2399519748726,
        769.8820661487906,
        357.1833439822229
      ],
      [
        1467.2172857422418,
        827.5281515524814,
        411.7893182460406
      ],
      [
        1488.7815289556945,
        884.854342506908,
        467.2465835097608
      ],
      [
        1509.9054275084222,
        941.9151850669348,
        523.6097686832935
      ],
      [
        1530.5602494261843,
        998.7662267703677,
        580.933151281319
      ],
      [
        1550.7158974705558,
        1055.464114295286,
        639.270507059219
      ],
      [
        1570.3410617032207,
        1112.0666769727443,
        698.6749326605031
      ],
      [
        1589.4034165119883,
        1168.6329923837075,
        759.1986405962249
      ],
      [
        1607.8698660585167,
        1225.2234299954569,
        820.8927266899196
      ],
      [
        1625.7068412478172,
        1281.8996686384137,
        883.8069111345468
      ],
      [
        1642.8806501040935,
        1338.7246836318461,
        947.9892555147782
      ]
    ]
  },
  "emissions": {
    "index": [
      2025,
      2026,
      2027,
      2028,
      2029,
      2030,
      2031,
      2032,
      2033,
      2034,
      2035,
      2036,
      2037,
      2038,
      2039,
      2040
    ],
    "columns": [
      "BF-BOF",
      "EAF",
      "H2-DRI",
      "total"
    ],
    "data": [
      [
        2394.0,
        142.5,
        9.5,
        2546.0
      ],
      [
        2436.6411839373695,
        160.51099373892382,
        14.617380757171516,
        2611.7695584334647
      ],
      [
        2478.7410529925846,
        178.34750324609237,
        19.79240597393668,
        2676.8809622126137
      ],
      [
        2520.264970417539,
        196.02491315118178,
        25.03057199418722,
        2741.320455562908
      ],
      [
        2561.1754076687885,
        213.55873000176925,
        30.3373805088208,
        2805.0715181793785
      ],
      [
        2601.4319135547707,
        230.96461984463718,
        35.71833439822229,
        2868.1148677976303
      ],
      [
        2640.991114336035,
        248.25844546574442,
        41.178931824604064,
        2930.4284916263837
      ],
      [
        2679.80675212025,
        265.45630275207236,
        46.724658350976085,
        2991.9877132232987
      ],
      [
        2717.82976951516,
        282.5745555200804,
        52.36097686832935,
        3052.76530190357
      ],
      [
        2755.0084489671317,
        299.6298680311103,
        58.093315128131906,
        3112.731632126374
      ],
      [
        2791.2886154470007,
        316.6392342885858,
        63.9270507059219,
        3171.854900441508
      ],
      [
        2826.6139110657973,
        333.62000309182326,
        69.86749326605032,
        3230.1014074236705
      ],
      [
        2860.926149721579,
        350.5898977151122,
        75.9198640596225,
        3287.4359114963136
      ],
      [
        2894.16575890533,
        367.56702899863706,
        82.08927266899197,
        3343.8220605729593
      ],
      [
        2926.272314246071,
        384.5699005915241,
        88.38069111345469,
        3399.2229059510496
      ],
      [
        2957.1851701873684,
        401.6174050895538,
        94.79892555147782,
        3453.6015008284
      ]
    ]
  }
}